id,name,email,age,country
1,Jobi,Jobi@fakemail.com,75,Albania
2,Carilyn,Carilyn@fakemail.com,28,Mayotte
3,Rochette,Rochette@fakemail.com,55,Venezuela
4,Ginnie,Ginnie@fakemail.com,60,United States Minor Outlying Islands
5,Randa,Randa@fakemail.com,55,Israel
6,Beatriz,Beatriz@fakemail.com,60,Argentina
7,Courtnay,Courtnay@fakemail.com,40,Heard Island and Mcdonald Islands
8,Violet,Violet@fakemail.com,59,Zimbabwe
9,Christal,Christal@fakemail.com,33,Djibouti
10,Netty,Netty@fakemail.com,52,Israel